id,playlist,videoTitle,youtubeVideoId,aniThumbnailUrl,category,tags,uploadDate,isHero,rating,review
1,촉간트의 삼국지 성지순례,"I almost fainted after eating ""real Mala"" in the capital of Shu from the Romance of the Three Kin...",rtlFCK_Nc28,https://img.youtube.com/vi/rtlFCK_Nc28/hqdefault.jpg,미분류,#폭간트#세계일주#삼국지,2024-02-08,TRUE,0,미작성
2,촉간트의 삼국지 성지순례,"Small Chinese town unknown to Koreans, shocked by hotel and food prices - Three Kingdoms (2)",7tXegFIH1Vw,https://img.youtube.com/vi/7tXegFIH1Vw/hqdefault.jpg,미분류,#폭간트#세계일주#삼국지,2024-02-11,FALSE,0,미작성
3,다이어트 동남아 자전거 여행,"Five meals a day for just 10,000 won?! The ultimate budget-friendly travel destination in an infl...",dgLXQo0xtSk,https://img.youtube.com/vi/dgLXQo0xtSk/hqdefault.jpg,미분류,#폭간트#세계일주,2024-02-14,FALSE,0,미작성
4,다이어트 동남아 자전거 여행,A super-value food tour to a Vietnamese countryside village that only Koreans know about.,lMJH6vTXCpU,https://img.youtube.com/vi/lMJH6vTXCpU/hqdefault.jpg,미분류,#폭간트#세계일주,2024-02-17,FALSE,0,미작성
5,다이어트 동남아 자전거 여행,Stay at a budget-friendly inn in Vietnam's tourist-free countryside.,Fv7QAMjUmik,https://img.youtube.com/vi/Fv7QAMjUmik/hqdefault.jpg,미분류,#폭간트#세계일주,2024-02-20,FALSE,0,미작성
6,다이어트 동남아 자전거 여행,Why a 37-year-old Korean man is so popular in Vietnam,BUfFGFNoClM,https://img.youtube.com/vi/BUfFGFNoClM/hqdefault.jpg,미분류,#폭간트#세계일주,2024-02-23,FALSE,0,미작성
7,다이어트 동남아 자전거 여행,Still going to Da Nang!? A hidden Vietnamese city that only Koreans can see.,7CHYaKQcRbI,https://img.youtube.com/vi/7CHYaKQcRbI/hqdefault.jpg,미분류,#폭간트#세계일주,2024-02-26,FALSE,0,미작성
8,다이어트 동남아 자전거 여행,"China's blockade of waterways... A 20,000-won ""Hell Cruise"" ride",E6qbtpmXAg4,https://img.youtube.com/vi/E6qbtpmXAg4/hqdefault.jpg,미분류,#폭간트#세계일주,2024-02-29,FALSE,0,미작성
9,다이어트 동남아 자전거 여행,아시아 최빈국 물가 실화? 500원으로 배터지게 먹어보기,7tjYm789xic,https://img.youtube.com/vi/7tjYm789xic/hqdefault.jpg,미분류,#폭간트#세계일주,2024-03-03,FALSE,0,미작성
10,다이어트 동남아 자전거 여행,"""Is this China!?"" The current state of the city of the soul, occupied by the Chinese.",F_yfxmVn-Kg,https://img.youtube.com/vi/F_yfxmVn-Kg/hqdefault.jpg,미분류,#폭간트#세계일주,2024-03-06,FALSE,0,미작성
11,다이어트 동남아 자전거 여행,"Why is it so expensive? The reason Laos, once full of Koreans, fell into decline.",Qe3F8nXpXeI,https://img.youtube.com/vi/Qe3F8nXpXeI/hqdefault.jpg,미분류,#폭간트#세계일주,2024-03-09,FALSE,0,미작성
12,다이어트 동남아 자전거 여행,A national debt of 23 trillion won!? This is what happens when you sell your entire country to Ch...,T63KwXgaBCU,https://img.youtube.com/vi/T63KwXgaBCU/hqdefault.jpg,미분류,#폭간트#세계일주,2024-03-12,FALSE,0,미작성
13,다이어트 동남아 자전거 여행,"Thailand's value for money isn't over yet? The birthplace of world-class cuisine, unknown only to...",LmjBG9ZM0Rw,https://img.youtube.com/vi/LmjBG9ZM0Rw/hqdefault.jpg,미분류,#폭간트#세계일주,2024-03-15,FALSE,0,미작성
14,다이어트 동남아 자전거 여행,"Bangkok, Chiang Mai, please stop going 😝 A gourmet city that only locals secretly visit",xhdvZ4PojBE,https://img.youtube.com/vi/xhdvZ4PojBE/hqdefault.jpg,미분류,#폭간트#세계일주,2024-03-18,FALSE,0,미작성
15,다이어트 동남아 자전거 여행,"한국인 0명, 지도에도 없는 태국 시골 축제에 혼자 갔더니...",QeAgrhCeYv8,https://img.youtube.com/vi/QeAgrhCeYv8/hqdefault.jpg,미분류,#폭간트#세계일주#태국,2024-03-21,FALSE,0,미작성
16,다이어트 동남아 자전거 여행,"Thank you so much 👊 Upon completing a 1,650km Southeast Asia bicycle tour, at that night market a...",zH166jHBek0,https://img.youtube.com/vi/zH166jHBek0/hqdefault.jpg,미분류,#폭간트#세계일주,2024-03-24,FALSE,0,미작성
17,다이어트 동남아 자전거 여행,‘단돈 700원’으로 떠나는 낭만의 태국 기차 먹방여행 (feat. 임진왜란의 진실),XaNapnYuxBY,https://img.youtube.com/vi/XaNapnYuxBY/hqdefault.jpg,미분류,#폭간트#세계일주#태국#먹방#기차,2024-03-27,FALSE,0,미작성
18,유라시아 오토바이 여행 시즌1,"7년 다닌 공기업을 퇴사 한 이유, 회사공개 - 유라시아(0)🇰🇷",p5zSr5RxQJs,https://img.youtube.com/vi/p5zSr5RxQJs/hqdefault.jpg,미분류,#폭간트#세계일주#퇴사,2024-03-30,FALSE,0,미작성
19,유라시아 오토바이 여행 시즌1,전쟁으로 물가 폭등!? 하루종일 러시아 현지인과 먹방여행 - 유라시아(1)🇷🇺,Bu4irlF1Acs,https://img.youtube.com/vi/Bu4irlF1Acs/hqdefault.jpg,미분류,#폭간트#세계일주#먹방,2024-04-02,FALSE,0,미작성
20,유라시아 오토바이 여행 시즌1,North Koreans sitting next to me at the bar!? Vlog of confinement in a former Soviet apartment - ...,vneBiGLJtnw,https://img.youtube.com/vi/vneBiGLJtnw/hqdefault.jpg,미분류,#폭간트#세계일주,2024-04-05,FALSE,0,미작성
21,유라시아 오토바이 여행 시즌1,Less populated than Daechi 2-dong!? Russian small city motorcycle food tour - Eurasia (3)🇷🇺,VgE_Emdt9-Y,https://img.youtube.com/vi/VgE_Emdt9-Y/hqdefault.jpg,미분류,#폭간트#세계일주,2024-04-08,FALSE,0,미작성
22,유라시아 오토바이 여행 시즌1,러시아가 전쟁에 미쳐있는 이유?? 러우전쟁 전투식량 먹어보기  - 유라시아(4)🇷🇺,zaFMF1NYENc,https://img.youtube.com/vi/zaFMF1NYENc/hqdefault.jpg,미분류,#폭간트#세계일주,2024-04-11,FALSE,0,미작성
23,유라시아 오토바이 여행 시즌1,"Mom, how about a Russian daughter-in-law!? A food tour of a train city without Koreans - Eurasia ...",axPmDYa7HJI,https://img.youtube.com/vi/axPmDYa7HJI/hqdefault.jpg,미분류,#폭간트#세계일주,2024-04-14,FALSE,0,미작성
24,유라시아 오토바이 여행 시즌1,"The world's longest road, riding a 125cc motorcycle across Siberia - Eurasia (6)🇷🇺",q9fkd20oSzo,https://img.youtube.com/vi/q9fkd20oSzo/hqdefault.jpg,미분류,#폭간트#세계일주,2024-04-17,FALSE,0,미작성
25,유라시아 오토바이 여행 시즌1,"""한국 면적의 170배"" 죽음의 도로 시베리아, 철학으로 살아남기 - 유라시아(7)🇷🇺",f2MjZTIfrCo,https://img.youtube.com/vi/f2MjZTIfrCo/hqdefault.jpg,미분류,#폭간트#세계일주,2024-04-20,FALSE,0,미작성
26,유라시아 오토바이 여행 시즌1,How to scientifically get a girlfriend on a Russian nude beach - Eurasia (8)🇷🇺,EWyYbivl6iw,https://img.youtube.com/vi/EWyYbivl6iw/hqdefault.jpg,미분류,#폭간트#세계일주,2024-04-23,FALSE,0,미작성
27,유라시아 오토바이 여행 시즌1,Revolutionary Russian Food Tour with Free Beer - Eurasia (9)🇷🇺,dVgf-_dGpSY,https://img.youtube.com/vi/dVgf-_dGpSY/hqdefault.jpg,미분류,#폭간트#세계일주,2024-04-26,FALSE,0,미작성
28,유라시아 오토바이 여행 시즌1,"Running 4,500km to escape a war-torn country, and finally bursting into tears - Eurasia (10)🇲🇳",cI2uFRuY4jo,https://img.youtube.com/vi/cI2uFRuY4jo/hqdefault.jpg,미분류,#폭간트#세계일주,2024-04-29,FALSE,0,미작성
29,유라시아 오토바이 여행 시즌1,"40 degrees Celsius internal temperature 🥵 30 hours on a steamer train, a cross-border Chinese lam...",UTaZ_khDx2A,https://img.youtube.com/vi/UTaZ_khDx2A/hqdefault.jpg,미분류,#폭간트#세계일주,2024-05-02,FALSE,0,미작성
30,유라시아 오토바이 여행 시즌1,"From food to nightlife, check out Mongolia private tour prices - Eurasia (12)🇲🇳",LUedo5x-Ja0,https://img.youtube.com/vi/LUedo5x-Ja0/hqdefault.jpg,미분류,#폭간트#세계일주,2024-05-05,FALSE,0,미작성
31,유라시아 오토바이 여행 시즌1,"The most unfair country in the world, a country that cannot live without Korea - Eurasia (13)🇲🇳",WYbC2EcbSVk,https://img.youtube.com/vi/WYbC2EcbSVk/hqdefault.jpg,미분류,#폭간트#세계일주,2024-05-08,FALSE,0,미작성
32,유라시아 오토바이 여행 시즌1,"Visit the Tomb of Genghis Khan, Forbidden to Excavation for 800 Years - Eurasia (14)🇲🇳",JRTNKThLJmE,https://img.youtube.com/vi/JRTNKThLJmE/hqdefault.jpg,미분류,#폭간트#세계일주,2024-05-11,FALSE,0,미작성
33,유라시아 오토바이 여행 시즌1,Killing 10% of the World's Population?! Following the Eco-Empire's World Conquest - Eurasia (15)🇲🇳,vv5phMSghW8,https://img.youtube.com/vi/vv5phMSghW8/hqdefault.jpg,미분류,#폭간트#세계일주,2024-05-14,FALSE,0,미작성
34,유라시아 오토바이 여행 시즌1,"A reckless escape from Russia, a war-torn nation that even checks cell phones - Eurasia (16)🇷🇺",qZtQee3wNbc,https://img.youtube.com/vi/qZtQee3wNbc/hqdefault.jpg,미분류,#폭간트#세계일주,2024-05-17,FALSE,0,미작성
35,유라시아 오토바이 여행 시즌1,Nuclear Explosion 456?! Trying Radiation-Contaminated Ramen - Eurasia (17)🇰🇿,jKPK5xTI6lk,https://img.youtube.com/vi/jKPK5xTI6lk/hqdefault.jpg,미분류,#폭간트#세계일주,2024-05-20,FALSE,0,미작성
36,유라시아 오토바이 여행 시즌1,What Happens When Koreans Get Surgery Abroad Without Health Insurance - Eurasia (18)🇰🇿🇰🇬,h7X6iVDFn2M,https://img.youtube.com/vi/h7X6iVDFn2M/hqdefault.jpg,미분류,#폭간트#세계일주,2024-05-23,FALSE,0,미작성
37,유라시아 오토바이 여행 시즌1,Exploring a fantastical mountainous country surprisingly similar to Korea - Eurasia (19)🇰🇬,hGjayCYiqvQ,https://img.youtube.com/vi/hGjayCYiqvQ/hqdefault.jpg,미분류,#폭간트#세계일주,2024-05-26,FALSE,0,미작성
38,유라시아 오토바이 여행 시즌1,Bribes demanded at the border?! Entering an unknown country with no electricity or signal - Euras...,6v5h2iYgnwg,https://img.youtube.com/vi/6v5h2iYgnwg/hqdefault.jpg,미분류,#폭간트#세계일주,2024-05-29,FALSE,0,미작성
39,유라시아 오토바이 여행 시즌1,"Eating Ramen at Risk on the Silk Road Pass at 4,655m Above Sea Level - Eurasia (21)🇹🇯",9-d34c6iIxY,https://img.youtube.com/vi/9-d34c6iIxY/hqdefault.jpg,미분류,#폭간트#세계일주,2024-06-01,FALSE,0,미작성
40,유라시아 오토바이 여행 시즌1,"Survival Camping on a 4,000m Cliff on the War-torn Afghan Border - Eurasia (22)🇹🇯",le1jPchKTqk,https://img.youtube.com/vi/le1jPchKTqk/hqdefault.jpg,미분류,#폭간트#세계일주,2024-06-04,FALSE,0,미작성
41,유라시아 오토바이 여행 시즌1,Unlimited snacks?! A food tour of a hot spring village on the Afghan border - Eurasia (23)🇹🇯,dJxk5gHwU8M,https://img.youtube.com/vi/dJxk5gHwU8M/hqdefault.jpg,미분류,#폭간트#세계일주,2024-06-07,FALSE,0,미작성
42,유라시아 오토바이 여행 시즌1,What Happens When a Korean Goes to Asia's Poorest Village on the Afghan Border - Eurasia (24)🇹🇯,vML2gwRQcls,https://img.youtube.com/vi/vML2gwRQcls/hqdefault.jpg,미분류,#폭간트#세계일주,2024-06-10,FALSE,0,미작성
43,유라시아 오토바이 여행 시즌1,North Korea in Central Asia? A Quiet Dictatorship Unknown to Koreans - Eurasia (25)🇹🇯,knmD94UyIds,https://img.youtube.com/vi/knmD94UyIds/hqdefault.jpg,미분류,#폭간트#세계일주,2024-06-13,FALSE,0,미작성
44,유라시아 오토바이 여행 시즌1,Why I'm Quitting Crossing Eurasia - Eurasia (26)🇺🇿🇰🇷,HNBCYHhdBMY,https://img.youtube.com/vi/HNBCYHhdBMY/hqdefault.jpg,미분류,#폭간트#세계일주,2024-06-16,FALSE,0,미작성
45,총성이 울리는 미소의 나라 미얀마 여행,내전 중인 미얀마 하루종일 먹으면서 입국하기 🇲🇲 미얀마(1),nlPudzOe8ps,https://img.youtube.com/vi/nlPudzOe8ps/hqdefault.jpg,미분류,#폭간트#세계일주,2024-06-19,FALSE,0,미작성
46,총성이 울리는 미소의 나라 미얀마 여행,"내전으로 무너진 경제, 믿을 수 없는 물가 미얀마 먹방여행 🇲🇲 미얀마(2)",3rvL6X9bvAQ,https://img.youtube.com/vi/3rvL6X9bvAQ/hqdefault.jpg,미분류,#폭간트#세계일주#먹방,2024-06-22,FALSE,0,미작성
47,총성이 울리는 미소의 나라 미얀마 여행,단돈 2만원!? 누워서 가는 초호화 개인실 미얀마 드림버스 탑승기 🇲🇲 미얀마(3),hD6Mrg8ipcc,https://img.youtube.com/vi/hD6Mrg8ipcc/hqdefault.jpg,미분류,#폭간트#세계일주,2024-06-25,FALSE,0,미작성
48,총성이 울리는 미소의 나라 미얀마 여행,"내전 중이지만 한국인을 연예인처럼 반기는, 정이 넘치는 나라 🇲🇲 미얀마(4)",PirR-gB0cOs,https://img.youtube.com/vi/PirR-gB0cOs/hqdefault.jpg,미분류,#폭간트#세계일주,2024-06-28,FALSE,0,미작성
49,총성이 울리는 미소의 나라 미얀마 여행,"천년 도시 바간, 처음 만난 누님을 무작정 따라가면 생기는 일 🇲🇲 미얀마(5)",Hx6nOjIWsHA,https://img.youtube.com/vi/Hx6nOjIWsHA/hqdefault.jpg,미분류,#폭간트#세계일주,2024-07-01,FALSE,0,미작성
50,총성이 울리는 미소의 나라 미얀마 여행,"Myanmar's economy shattered by civil war: How much can you eat on a 10,000 won bill? 🇲🇲 Myanmar (6)",aZ7FEdTRDcY,https://img.youtube.com/vi/aZ7FEdTRDcY/hqdefault.jpg,미분류,#폭간트#세계일주,2024-07-04,FALSE,0,미작성
51,총성이 울리는 미소의 나라 미얀마 여행,Korea builds bridges to Myanmar slums abandoned by the government 🇲🇲 Myanmar (7),KTwEvprLOOQ,https://img.youtube.com/vi/KTwEvprLOOQ/hqdefault.jpg,미분류,#폭간트#세계일주,2024-07-07,FALSE,0,미작성
52,총성이 울리는 미소의 나라 미얀마 여행,모든게 방콕 반값!? 한국인은 잘 모르는 태국 소도시 먹방여행 🇹🇭 태국(번외),AECQCkkJYz0,https://img.youtube.com/vi/AECQCkkJYz0/hqdefault.jpg,미분류,#폭간트#세계일주#태국#먹방,2024-07-10,FALSE,0,미작성
53,"압도적 대자연과 뜨거운 사람들, 환상의 파키스탄 여행기",세계에서 치킨이 가장 저렴한 외국인은 관광불가 요절복통 라호르 - 🇵🇰파키스탄(1),AgFQjM7yXAs,https://img.youtube.com/vi/AgFQjM7yXAs/hqdefault.jpg,미분류,#폭간트#세계일주,2024-07-13,FALSE,0,미작성
54,"압도적 대자연과 뜨거운 사람들, 환상의 파키스탄 여행기",아프간을 향해 달리는 낭만의 파키스탄 꼴등칸 기차 탑승기 - 🇵🇰파키스탄(2),bRCVNm19mDo,https://img.youtube.com/vi/bRCVNm19mDo/hqdefault.jpg,미분류,#폭간트#세계일주#기차,2024-07-16,FALSE,0,미작성
55,"압도적 대자연과 뜨거운 사람들, 환상의 파키스탄 여행기",조금은 위험한 아프간 접경지역 실크로드 먹방 여행 - 🇵🇰파키스탄(3),69J9Izl3Rcs,https://img.youtube.com/vi/69J9Izl3Rcs/hqdefault.jpg,미분류,#폭간트#세계일주#먹방,2024-07-19,FALSE,0,미작성
56,"압도적 대자연과 뜨거운 사람들, 환상의 파키스탄 여행기",A Muslim-built planned city and a bizarre Korean food scene (Why India and Pakistan separated) - ...,Wmmt_wbIiME,https://img.youtube.com/vi/Wmmt_wbIiME/hqdefault.jpg,미분류,#폭간트#세계일주,2024-07-22,FALSE,0,미작성
57,"압도적 대자연과 뜨거운 사람들, 환상의 파키스탄 여행기",산사태로 붕괴된 카라코람 하이웨이 목숨건 36시간 로드트립 - 🇵🇰파키스탄(5),rw_be5r7eMw,https://img.youtube.com/vi/rw_be5r7eMw/hqdefault.jpg,미분류,#폭간트#세계일주,2024-07-25,FALSE,0,미작성
58,"압도적 대자연과 뜨거운 사람들, 환상의 파키스탄 여행기",삶에 지친 한국인을 위한 세상에서 가장 아름답고 행복한 마을 - 🇵🇰파키스탄(6),QgNn24awUHg,https://img.youtube.com/vi/QgNn24awUHg/hqdefault.jpg,미분류,#폭간트#세계일주,2024-07-28,FALSE,0,미작성
59,"압도적 대자연과 뜨거운 사람들, 환상의 파키스탄 여행기",세계에서 가장 높은 고속도로 환상의 대자연과 뭔가 익숙한 시골마을 먹방 - 🇵🇰파키스탄(7),X8Ax8eWySEM,https://img.youtube.com/vi/X8Ax8eWySEM/hqdefault.jpg,미분류,#폭간트#세계일주#먹방,2024-07-31,FALSE,0,미작성
60,"압도적 대자연과 뜨거운 사람들, 환상의 파키스탄 여행기",서울대 출신 한량이 전해주는 행복을 위한 10가지 비법 - 🇵🇰파키스탄(외전),QmJpGKaS3CM,https://img.youtube.com/vi/QmJpGKaS3CM/hqdefault.jpg,미분류,#폭간트#세계일주,2024-08-03,FALSE,0,미작성
61,"압도적 대자연과 뜨거운 사람들, 환상의 파키스탄 여행기",금단의 설산을 찾아 별빛이 흐르는 계곡에서 대자연 캠핑여행 - 🇵🇰파키스탄(8),nZlWgFU4iKc,https://img.youtube.com/vi/nZlWgFU4iKc/hqdefault.jpg,미분류,#폭간트#세계일주#캠핑,2024-08-06,FALSE,0,미작성
62,"압도적 대자연과 뜨거운 사람들, 환상의 파키스탄 여행기","천둥번개와 산사태 붕괴된 도로, 목숨 건 파키스탄 탈출기 - 🇵🇰파키스탄(9)",rhz96ZJXwxI,https://img.youtube.com/vi/rhz96ZJXwxI/hqdefault.jpg,미분류,#폭간트#세계일주,2024-08-09,FALSE,0,미작성
63,혼자서 주절주절 모음집,"7년다닌 공기업 퇴사 후 1년차, 솔직한 현실을 말씀드리겠습니다",vc5UIBcZahs,https://img.youtube.com/vi/vc5UIBcZahs/hqdefault.jpg,미분류,#폭간트#세계일주#퇴사,2024-08-12,FALSE,0,미작성
64,혼자서 주절주절 모음집,"""Is this world fake?!"" The Heart Sutra, the easiest book in the world to explain, is taught by Se...",LWCLKAsjMFs,https://img.youtube.com/vi/LWCLKAsjMFs/hqdefault.jpg,미분류,#폭간트#세계일주,2024-08-15,FALSE,0,미작성
65,혼자서 주절주절 모음집,정치성향까지 공개하는 대환장 QnA (서울대 공부법 대방출) 사실 그런거 없음,rb19NCfcoUg,https://img.youtube.com/vi/rb19NCfcoUg/hqdefault.jpg,미분류,#폭간트#세계일주,2024-08-18,FALSE,0,미작성
66,혼자서 주절주절 모음집,'퇴사하고 유튜버 전업합니다' 라는 말을 함부로 하면 안되는 이유,94OJvJxhUq8,https://img.youtube.com/vi/94OJvJxhUq8/hqdefault.jpg,미분류,#폭간트#세계일주#퇴사,2024-08-21,FALSE,0,미작성
67,혼자서 주절주절 모음집,서울대 출신 한량이 전해주는 행복을 위한 10가지 비법 - 🇵🇰파키스탄(외전),QmJpGKaS3CM,https://img.youtube.com/vi/QmJpGKaS3CM/hqdefault.jpg,미분류,#폭간트#세계일주,2024-08-24,FALSE,0,미작성
68,혼자서 주절주절 모음집,Buddhism is not a religion!? Buddhist philosophy in 30 minutes! feat. Buddha's final words.,O1gKV4GdUSU,https://img.youtube.com/vi/O1gKV4GdUSU/hqdefault.jpg,미분류,#폭간트#세계일주,2024-08-27,FALSE,0,미작성
69,혼자서 주절주절 모음집,"자전거로 여행을 하려면 어떤 장비가 필요할까? (미니벨로 가방 추천, 안장통 극복방법, 카메라 수납방법 등)",uZTg7fMYt40,https://img.youtube.com/vi/uZTg7fMYt40/hqdefault.jpg,미분류,#폭간트#세계일주,2024-08-30,FALSE,0,미작성
70,남의 채널 출연한 영상,You quit your job and bought a truck? A middle-aged bachelor new employee who pulled off a 22 mil...,5ypSQFGe1NI,https://img.youtube.com/vi/5ypSQFGe1NI/hqdefault.jpg,미분류,#폭간트#세계일주,2024-09-02,FALSE,0,미작성
71,남의 채널 출연한 영상,"37 hours, 1,340 km—is it possible to circle Korea entirely by autonomous driving?",8pDTB-pqsmM,https://img.youtube.com/vi/8pDTB-pqsmM/hqdefault.jpg,미분류,#폭간트#세계일주,2024-09-05,FALSE,0,미작성
72,남의 채널 출연한 영상,3 weeks with my Mongolian sister who wants to come to Korea - Eurasia (15)🇲🇳,eXB0emeK-uo,https://img.youtube.com/vi/eXB0emeK-uo/hqdefault.jpg,미분류,#폭간트#세계일주,2024-09-08,FALSE,0,미작성
73,남의 채널 출연한 영상,What Happened When I Went to a Country Where 99% of Koreans Don't Travel Freely - Eurasia (13)🇲🇳,vw3EXw_Jxwg,https://img.youtube.com/vi/vw3EXw_Jxwg/hqdefault.jpg,미분류,#폭간트#세계일주,2024-09-11,FALSE,0,미작성
74,남의 채널 출연한 영상,"From Seoul to Busan, 6th Street, 2,700km Motorcycle Ride Across Russia - Eurasia (9)🇷🇺",DkLUu41b-f4,https://img.youtube.com/vi/DkLUu41b-f4/hqdefault.jpg,미분류,#폭간트#세계일주,2024-09-14,FALSE,0,미작성
75,남의 채널 출연한 영상,"A hidden ""special convenience store"" in Korea where you can grill pork belly.",EJFHt9YoIDc,https://img.youtube.com/vi/EJFHt9YoIDc/hqdefault.jpg,미분류,#폭간트#세계일주,2024-09-17,FALSE,0,미작성
76,남의 채널 출연한 영상,We are finally hiring new employees.,JY9I5ZOSvwI,https://img.youtube.com/vi/JY9I5ZOSvwI/hqdefault.jpg,미분류,#폭간트#세계일주,2024-09-20,FALSE,0,미작성
77,남의 채널 출연한 영상,나만 알고 싶은 숨겨진 동해안 도보여행 [해파랑길 EP.2],rR940NEWJgA,https://img.youtube.com/vi/rR940NEWJgA/hqdefault.jpg,미분류,#폭간트#세계일주,2024-09-23,FALSE,0,미작성
78,남의 채널 출연한 영상,걸어서 부산에서 강원 고성까지 가볼까? [해파랑길 EP.1],Yhpbgxp7bvQ,https://img.youtube.com/vi/Yhpbgxp7bvQ/hqdefault.jpg,미분류,#폭간트#세계일주,2024-09-26,FALSE,0,미작성
79,남의 채널 출연한 영상,'호드-얼라'의 소통은 한 사람에서 시작됐다?! | 와플릭스 EP.10 와우의 꼬리를 무는 이야기,18xEyDWJphE,https://img.youtube.com/vi/18xEyDWJphE/hqdefault.jpg,미분류,#폭간트#세계일주,2024-09-29,FALSE,0,미작성
80,남의 채널 출연한 영상,뚝뚝 떨어지는 엔화 환율 그러나 비참한 사고 - 대마도(2),fZBORx-i72Q,https://img.youtube.com/vi/fZBORx-i72Q/hqdefault.jpg,미분류,#폭간트#세계일주,2024-10-02,FALSE,0,미작성
81,남의 채널 출연한 영상,제주보다 가까운 해외 섬여행 2박3일 - 대마도(1),D1K9YTnIz9Y,https://img.youtube.com/vi/D1K9YTnIz9Y/hqdefault.jpg,미분류,#폭간트#세계일주,2024-10-05,FALSE,0,미작성
82,남의 채널 출연한 영상,"Busan Polkos, who fell down while grabbing the back of the neck of 3.4 million Busan citizens (wi...",F6E-BFyl_Wo,https://img.youtube.com/vi/F6E-BFyl_Wo/hqdefault.jpg,미분류,#폭간트#세계일주,2024-10-08,FALSE,0,미작성
83,큐슈 구석구석 렌트카 여행,"A country that's cheaper, closer, and tastier than Korea, like a hearty bowl of soup - Japan Rent...",rZLnsZnuFMA,https://img.youtube.com/vi/rZLnsZnuFMA/hqdefault.jpg,미분류,#폭간트#세계일주,2024-10-11,FALSE,0,미작성
84,큐슈 구석구석 렌트카 여행,Exploring a rural hot spring village with beautiful women and delicious kimchi - Japan Rental Car...,3fDIwt-KVj8,https://img.youtube.com/vi/3fDIwt-KVj8/hqdefault.jpg,미분류,#폭간트#세계일주,2024-10-14,FALSE,0,미작성
85,큐슈 구석구석 렌트카 여행,한국인을 가족처럼 환영해주는 일본 스낵바 방문기 - 일본 렌트카(3),hbDl1DQmDDs,https://img.youtube.com/vi/hbDl1DQmDDs/hqdefault.jpg,미분류,#폭간트#세계일주,2024-10-17,FALSE,0,미작성
86,큐슈 구석구석 렌트카 여행,오바마 대통령이 감탄한(?) 온천과 공포의 폐허 - 일본 렌트카(4),3rFYR92nc0A,https://img.youtube.com/vi/3rFYR92nc0A/hqdefault.jpg,미분류,#폭간트#세계일주,2024-10-20,FALSE,0,미작성
87,큐슈 구석구석 렌트카 여행,극한의 엔저시대 일본을 가장 효율적으로 여행하는 방법 - 일본 렌트카(5),OURxepenKFk,https://img.youtube.com/vi/OURxepenKFk/hqdefault.jpg,미분류,#폭간트#세계일주,2024-10-23,FALSE,0,미작성
88,히말라야와 미소의 나라 네팔여행,29시간 동안 먹고 마시면서 네팔 입국 & 시급 7만원 받으면서 비행기 타는 법 (네팔🇳🇵ep.1 카트만두),1eKYNEfo1dc,https://img.youtube.com/vi/1eKYNEfo1dc/hqdefault.jpg,미분류,#폭간트#세계일주,2024-10-26,FALSE,0,미작성
89,히말라야와 미소의 나라 네팔여행,너무나도 저렴한 카트만두 물가 대탐험 & 전세계에서 등산복이 가장 싼 나라 (네팔🇳🇵ep.2 카트만두),dFUOvdeQV_E,https://img.youtube.com/vi/dFUOvdeQV_E/hqdefault.jpg,미분류,#폭간트#세계일주,2024-10-29,FALSE,0,미작성
90,히말라야와 미소의 나라 네팔여행,"Lost my passport in Pokhara, a traveler's paradise, and met a Seoul National University student f...",cz547RDXTg8,https://img.youtube.com/vi/cz547RDXTg8/hqdefault.jpg,미분류,#폭간트#세계일주,2024-11-01,FALSE,0,미작성
91,히말라야와 미소의 나라 네팔여행,"Introducing a super-value Himalayan trekking course & all-you-can-eat food at a cute 2,550m-high ...",E0KcOKFMlcs,https://img.youtube.com/vi/E0KcOKFMlcs/hqdefault.jpg,미분류,#폭간트#세계일주,2024-11-04,FALSE,0,미작성
92,히말라야와 미소의 나라 네팔여행,"해발 3,550m에서 만난 인생 백숙 맛집 & 기묘한 히말라야 안개 산행 (네팔🇳🇵ep.5 마르디히말)",rmOd7F54FgU,https://img.youtube.com/vi/rmOd7F54FgU/hqdefault.jpg,미분류,#폭간트#세계일주#먹방,2024-11-07,FALSE,0,미작성
93,히말라야와 미소의 나라 네팔여행,단 3일 만에 안나푸르나 히말라야 완전정복 & 구름 위 천국의 설산 파노라마 (네팔🇳🇵ep.6 마르디히말),pt97MU-OrTM,https://img.youtube.com/vi/pt97MU-OrTM/hqdefault.jpg,미분류,#폭간트#세계일주,2024-11-10,FALSE,0,미작성
94,히말라야와 미소의 나라 네팔여행,"Pokhara, a traveler's paradise: From locals to tourists, experience extreme prices (Nepal🇳🇵ep.7 P...",Wc6gmM3aAT4,https://img.youtube.com/vi/Wc6gmM3aAT4/hqdefault.jpg,미분류,#폭간트#세계일주,2024-11-13,FALSE,0,미작성
95,히말라야와 미소의 나라 네팔여행,안전벨트 없이 절벽을 달리는 네팔 로컬버스 탑승기 (네팔🇳🇵ep.8 포카라 to 룸비니),b3XwgjFFvCs,https://img.youtube.com/vi/b3XwgjFFvCs/hqdefault.jpg,미분류,#폭간트#세계일주,2024-11-16,FALSE,0,미작성
96,히말라야와 미소의 나라 네팔여행,불교의 창시자 부처님의 탄생지 룸비니 순례길 걷기 & 김치가 맛있는 네팔 최고의 한식당 (네팔🇳🇵ep.9 룸비니),W-iMnxdMLCI,https://img.youtube.com/vi/W-iMnxdMLCI/hqdefault.jpg,미분류,#폭간트#세계일주,2024-11-19,FALSE,0,미작성
97,히말라야와 미소의 나라 네팔여행,여자아이만 있는 기묘한 산장에서 행복한 하룻밤 & 내가 가이드겸 포터를 고용한 이유 (네팔🇳🇵ep.10 랑탕),y_pKtl2e8io,https://img.youtube.com/vi/y_pKtl2e8io/hqdefault.jpg,미분류,#폭간트#세계일주,2024-11-22,FALSE,0,미작성
98,히말라야와 미소의 나라 네팔여행,"은하수가 아름다운 히말라야 4,400m 얼음 호수에서 먹는 정체불명의 피자 (네팔🇳🇵ep.11 고사인쿤드)",Q4TtXECh4vA,https://img.youtube.com/vi/Q4TtXECh4vA/hqdefault.jpg,미분류,#폭간트#세계일주,2024-11-25,FALSE,0,미작성
99,히말라야와 미소의 나라 네팔여행,"The best chicken I've ever had, a fantastic panoramic view, and a loyal dog in the Himalayas (Nep...",dGkK7I1wPJ4,https://img.youtube.com/vi/dGkK7I1wPJ4/hqdefault.jpg,미분류,#폭간트#세계일주,2024-11-28,FALSE,0,미작성
100,히말라야와 미소의 나라 네팔여행,빨대로 빨아먹는 네팔 전통주 마셔보기 & 네팔여행 추천? 비추천? 초간단 정리 (네팔🇳🇵ep.13 카트만두),L6SR1BdHBCM,https://img.youtube.com/vi/L6SR1BdHBCM/hqdefault.jpg,미분류,#폭간트#세계일주,2024-12-01,FALSE,0,미작성
101,각종 영상 몰아보기,30대 직장인 퇴사하고 떠난 동남아 1650km 자전거여행 (풀버전),DYZ9l6JHz9g,https://img.youtube.com/vi/DYZ9l6JHz9g/hqdefault.jpg,미분류,#폭간트#세계일주#퇴사,2024-12-04,FALSE,0,미작성
102,각종 영상 몰아보기,[Private video],uKJabmH0hPs,https://img.youtube.com/vi/uKJabmH0hPs/hqdefault.jpg,미분류,#폭간트#세계일주,2024-12-07,FALSE,0,미작성
103,각종 영상 몰아보기,모두가 미친짓이라 했다... 125cc타고 아프간 국경 파미르고원 생존기 - 풀버전,jrP2a3FijHQ,https://img.youtube.com/vi/jrP2a3FijHQ/hqdefault.jpg,미분류,#폭간트#세계일주#생존기,2024-12-10,FALSE,0,미작성
104,각종 영상 몰아보기,"""끝없는 유라시아 6,000km"" 배달용 오토바이로 살아남기 - 몽골 to 키르기스스탄 풀버전",eWvoRgL9cXE,https://img.youtube.com/vi/eWvoRgL9cXE/hqdefault.jpg,미분류,#폭간트#세계일주,2024-12-13,FALSE,0,미작성
105,각종 영상 몰아보기,"""물가폭등 전쟁국가"" 125cc 배달 오토바이로 살아남기 - 시베리아 횡단 풀버전🇷🇺",ZecK0SZUBAA,https://img.youtube.com/vi/ZecK0SZUBAA/hqdefault.jpg,미분류,#폭간트#세계일주,2024-12-16,FALSE,0,미작성
106,각종 영상 몰아보기,"[4K] 세상에서 가장 저렴한 나라? 내전과 붕괴된 경제, 순박한 미소 '미얀마' 여행 몰아보기🇲🇲",iL0r7OWVtcA,https://img.youtube.com/vi/iL0r7OWVtcA/hqdefault.jpg,미분류,#폭간트#세계일주,2024-12-19,FALSE,0,미작성
107,각종 영상 몰아보기,"[4K] 전지역 출국권고!? 압도적 대자연과 뜨거운 친절, 환상의 나라 파키스탄🇵🇰여행 몰아보기",bps219VidWM,https://img.youtube.com/vi/bps219VidWM/hqdefault.jpg,미분류,#폭간트#세계일주,2024-12-22,FALSE,0,미작성
108,각종 영상 몰아보기,[4K] 한국인 아무도 없는 일본 소도시 렌트카 여행기 🚗  엔저시대 최고의 선택 🇯🇵 몰아보기,cHPuH0IzTys,https://img.youtube.com/vi/cHPuH0IzTys/hqdefault.jpg,미분류,#폭간트#세계일주,2024-12-25,FALSE,0,미작성
109,각종 영상 몰아보기,[4K] 2박3일 만에 끝장내는 랑탕 히말라야 고사인쿤드🇳🇵몰아보기,FgNaHi1o1RM,https://img.youtube.com/vi/FgNaHi1o1RM/hqdefault.jpg,미분류,#폭간트#세계일주,2024-12-28,FALSE,0,미작성
110,각종 영상 몰아보기,[4K] 모든 여행자들의 영혼의 안식처 히말라야와 미소의 나라 네팔🇳🇵여행 몰아보기,6Odw1QTPEzI,https://img.youtube.com/vi/6Odw1QTPEzI/hqdefault.jpg,미분류,#폭간트#세계일주,2024-12-31,FALSE,0,미작성
111,각종 영상 몰아보기,[4K] 2박3일 만에 끝장내는 히말라야 트레킹｜안나푸르나 마르디히말🇳🇵몰아보기,RToZfugkNM4,https://img.youtube.com/vi/RToZfugkNM4/hqdefault.jpg,미분류,#폭간트#세계일주,2025-01-03,FALSE,0,미작성
112,각종 영상 몰아보기,"나만 알기 아까운 천국의 섬 ""인도네시아 수마트라"" 여행 몰아보기",d_ivjON6aMk,https://img.youtube.com/vi/d_ivjON6aMk/hqdefault.jpg,미분류,#폭간트#세계일주#인도,2025-01-06,FALSE,0,미작성
113,각종 영상 몰아보기,수염난 직장인의 북인도여행 몰아보기 (혼돈과 평화 그리고 깨달음),GviyKNI1VBA,https://img.youtube.com/vi/GviyKNI1VBA/hqdefault.jpg,미분류,#폭간트#세계일주#인도,2025-01-09,FALSE,0,미작성
114,각종 영상 몰아보기,낭만의 일본 소도시 미니벨로 자전거 여행 몰아보기,bVPEfIee8AI,https://img.youtube.com/vi/bVPEfIee8AI/hqdefault.jpg,미분류,#폭간트#세계일주,2025-01-12,FALSE,0,미작성
115,일본 큐슈 미니벨로 자전거 여행,Eating until I burst at a Japanese country bar after a year (Japan Bicycle Tour ep.1 Saga🇯🇵),DygvqqF813k,https://img.youtube.com/vi/DygvqqF813k/hqdefault.jpg,미분류,#폭간트#세계일주,2025-01-15,FALSE,0,미작성
116,일본 큐슈 미니벨로 자전거 여행,극한의 가성비 일본 러브호텔 & 70년 전통의 라멘 기사식당 (일본 자전거 여행 ep.2 구루메🇯🇵),Iptd35L3oBc,https://img.youtube.com/vi/Iptd35L3oBc/hqdefault.jpg,미분류,#폭간트#세계일주,2025-01-18,FALSE,0,미작성
117,일본 큐슈 미니벨로 자전거 여행,Rent an entire Japanese country house with a garden & explore a cheap Japanese supermarket (Japan...,yx9kvzP_-eY,https://img.youtube.com/vi/yx9kvzP_-eY/hqdefault.jpg,미분류,#폭간트#세계일주,2025-01-21,FALSE,0,미작성
118,일본 큐슈 미니벨로 자전거 여행,밤하늘이 보이는 프라이빗 노천온천 가보기 & 미야모토 무사시와 오백나한 (일본 자전거 여행 ep.4 고시🇯🇵),cXNMcSwNAOI,https://img.youtube.com/vi/cXNMcSwNAOI/hqdefault.jpg,미분류,#폭간트#세계일주,2025-01-24,FALSE,0,미작성
119,인도네시아 북수마트라 여행,퇴근하자마자 비행기 3번 타고 해외로 떠나기 (인도네시아🇮🇩 EP0 부산 → 반다아체),neUR39C0TA8,https://img.youtube.com/vi/neUR39C0TA8/hqdefault.jpg,미분류,#폭간트#세계일주#인도,2025-01-27,FALSE,0,미작성
120,인도네시아 북수마트라 여행,"Visiting Indonesia's Paradise Islands, a Secret Few Koreans Know About (Indonesia🇮🇩 EP1 Pulauwe)",bJ_D0VLDpr0,https://img.youtube.com/vi/bJ_D0VLDpr0/hqdefault.jpg,미분류,#폭간트#세계일주#인도,2025-01-30,FALSE,0,미작성
121,인도네시아 북수마트라 여행,Explore every corner of Indonesia's northernmost island (Indonesia🇮🇩 EP2 Pulauwe),sKyL40oOies,https://img.youtube.com/vi/sKyL40oOies/hqdefault.jpg,미분류,#폭간트#세계일주#인도,2025-02-02,FALSE,0,미작성
122,인도네시아 북수마트라 여행,위험해서 여행금지? 이슬람도시 둘러보기 (인도네시아🇮🇩 EP3 반다아체),styoROpEIh8,https://img.youtube.com/vi/styoROpEIh8/hqdefault.jpg,미분류,#폭간트#세계일주#인도,2025-02-05,FALSE,0,미작성
123,인도네시아 북수마트라 여행,초호화 슬리핑 버스와 로컬버스 비교 체험기 & 정글 속 오랑우탄 마을에서 맥주마시기 (인도네시아🇮🇩 EP4 반다아체 → 부킷라왕),NNS6lW7d0Pc,https://img.youtube.com/vi/NNS6lW7d0Pc/hqdefault.jpg,미분류,#폭간트#세계일주#인도,2025-02-08,FALSE,0,미작성
124,인도네시아 북수마트라 여행,The world's only jungle trek where you can encounter wild orangutans (Indonesia🇮🇩 EP5 Bukit Lawang),dO7QN_CZyPg,https://img.youtube.com/vi/dO7QN_CZyPg/hqdefault.jpg,미분류,#폭간트#세계일주#인도,2025-02-11,FALSE,0,미작성
125,인도네시아 북수마트라 여행,수상할 정도로 누님들에게 인기가 많은 한국남자 & 술과 고기가 흐르는 약속의 호수로 (인도네시아🇮🇩 EP6 부킷라왕 → 토바호수),kcgsRokMIeM,https://img.youtube.com/vi/kcgsRokMIeM/hqdefault.jpg,미분류,#폭간트#세계일주#인도,2025-02-14,FALSE,0,미작성
126,인도네시아 북수마트라 여행,Try Indonesian Batak Traditional Cuisine & Explore the World's Largest Caldera Lake (Indonesia🇮🇩 ...,ONkm04r0qSA,https://img.youtube.com/vi/ONkm04r0qSA/hqdefault.jpg,미분류,#폭간트#세계일주#인도,2025-02-17,FALSE,0,미작성
127,인도네시아 북수마트라 여행,사진가가 세계를 여행하는 방법 & 현지인의 미소 카메라로 담아보기 (인도네시아🇮🇩 EP8 베라스타기),sguDQ7Ck1Vw,https://img.youtube.com/vi/sguDQ7Ck1Vw/hqdefault.jpg,미분류,#폭간트#세계일주#인도,2025-02-20,FALSE,0,미작성
128,인도네시아 북수마트라 여행,"Visiting a 2,000 won volcanic hot spring only locals go to (Indonesia🇮🇩 EP9 Berastagi)",2tIla0WPL0E,https://img.youtube.com/vi/2tIla0WPL0E/hqdefault.jpg,미분류,#폭간트#세계일주#인도,2025-02-23,FALSE,0,미작성
129,인도네시아 북수마트라 여행,A full-day food tour from local markets to delivery food (Indonesia🇮🇩 EP.10 Medan),0Ue0dE02SuA,https://img.youtube.com/vi/0Ue0dE02SuA/hqdefault.jpg,미분류,#폭간트#세계일주#인도,2025-02-26,FALSE,0,미작성
130,인도네시아 북수마트라 여행,한국인의 99%가 모르는 동남아 여행지 추천 (인도네시아 수마트라),T-BS4dAhrts,https://img.youtube.com/vi/T-BS4dAhrts/hqdefault.jpg,미분류,#폭간트#세계일주#인도,2025-03-01,FALSE,0,미작성
131,매우 짧은 해외여행 모음집,"편도 10만원에 떠나는, 동남아보다 싸고 일본보다 가까운 먹방여행",pZNcl2cWNyw,https://img.youtube.com/vi/pZNcl2cWNyw/hqdefault.jpg,미분류,#폭간트#세계일주#먹방,2025-03-04,FALSE,0,미작성
132,매우 짧은 해외여행 모음집,Was crossing Eurasia easy? Try the world's most challenging overseas trip: Okinawa.,-x4Z1mGRzpc,https://img.youtube.com/vi/-x4Z1mGRzpc/hqdefault.jpg,미분류,#폭간트#세계일주,2025-03-07,FALSE,0,미작성
133,매우 짧은 해외여행 모음집,"While my friends are raising their children, I'm drinking in a 40,000 won hotel room 🇯🇵Tokyo",uHXOFf6NkAM,https://img.youtube.com/vi/uHXOFf6NkAM/hqdefault.jpg,미분류,#폭간트#세계일주,2025-03-10,FALSE,0,미작성
134,매우 짧은 해외여행 모음집,"A food tour of the dark independence fighters who ""starved 60,000 Japanese soldiers to death"" 🇯🇵T...",odaZq3UTFSU,https://img.youtube.com/vi/odaZq3UTFSU/hqdefault.jpg,미분류,#폭간트#세계일주,2025-03-13,FALSE,0,미작성
135,매우 짧은 해외여행 모음집,A railroad company surviving on snacks: The reality of failing rural Japan 🇯🇵Choshi,VQF4zmKQU6k,https://img.youtube.com/vi/VQF4zmKQU6k/hqdefault.jpg,미분류,#폭간트#세계일주,2025-03-16,FALSE,0,미작성
136,매우 짧은 해외여행 모음집,What happens when two guys stay at a love hotel together 🇹🇼 Taiwan,beaXsxCWFyM,https://img.youtube.com/vi/beaXsxCWFyM/hqdefault.jpg,미분류,#폭간트#세계일주,2025-03-19,FALSE,0,미작성
137,매우 짧은 해외여행 모음집,단언컨대 세상에서 음식이 가장 맛있는 나라 🇹🇼 대만,19xDrg5cvpI,https://img.youtube.com/vi/19xDrg5cvpI/hqdefault.jpg,미분류,#폭간트#세계일주#먹방,2025-03-22,FALSE,0,미작성
138,매우 짧은 해외여행 모음집,방콕 물가 미쳤다 🇹🇭 그래서 섬으로 들어갔다,tomwi9mI7jE,https://img.youtube.com/vi/tomwi9mI7jE/hqdefault.jpg,미분류,#폭간트#세계일주,2025-03-25,FALSE,0,미작성
139,매우 짧은 해외여행 모음집,Bangkok prices are crazy 🇹🇭 so I only ate local food,dzYSH8MxAj8,https://img.youtube.com/vi/dzYSH8MxAj8/hqdefault.jpg,미분류,#폭간트#세계일주,2025-03-28,FALSE,0,미작성
140,매우 짧은 해외여행 모음집,필리핀 현지인이 추천하는 초특급 가성비 길거리 먹방 여행 - 혼돈의 마닐라🇵🇭(3),DGodRpZm6MA,https://img.youtube.com/vi/DGodRpZm6MA/hqdefault.jpg,미분류,#폭간트#세계일주#먹방,2025-03-31,FALSE,0,미작성
141,매우 짧은 해외여행 모음집,맥도날드를 이긴 필리핀 공룡기업 '졸리비' 과연 삼겹살보다 맛있을까? - 졸리비 먹방🇵🇭(2),KEUXob05xUs,https://img.youtube.com/vi/KEUXob05xUs/hqdefault.jpg,미분류,#폭간트#세계일주#먹방,2025-04-03,FALSE,0,미작성
142,매우 짧은 해외여행 모음집,한류가 지배하는 필리핀 야시장 먹방여행 - 은퇴자들의 천국 바기오🇵🇭(1),Wfw6NxLWknk,https://img.youtube.com/vi/Wfw6NxLWknk/hqdefault.jpg,미분류,#폭간트#세계일주#먹방,2025-04-06,FALSE,0,미작성
143,매우 짧은 해외여행 모음집,"Free overseas travel, even AI-approved: A day trip to Tsushima Island, Japan",Bz3mmzBsgJ8,https://img.youtube.com/vi/Bz3mmzBsgJ8/hqdefault.jpg,미분류,#폭간트#세계일주,2025-04-09,FALSE,0,미작성
144,매우 짧은 해외여행 모음집,베트남 최고의 치킨을 찾아서 & 하노이 먹방 바이블 (베트남여행 EP3 하노이🇻🇳),wPPhX4iudV8,https://img.youtube.com/vi/wPPhX4iudV8/hqdefault.jpg,미분류,#폭간트#세계일주#먹방,2025-04-12,FALSE,0,미작성
145,매우 짧은 해외여행 모음집,"A trip to the Vietnamese countryside near Hanoi, unknown to Koreans (Vietnam Travel EP2: Mai Chau...",1M_tnVhohVY,https://img.youtube.com/vi/1M_tnVhohVY/hqdefault.jpg,미분류,#폭간트#세계일주,2025-04-15,FALSE,0,미작성
146,매우 짧은 해외여행 모음집,A trip to Hanoi where I was surprised by the heat and the low cost of living,7aHfxq7fstI,https://img.youtube.com/vi/7aHfxq7fstI/hqdefault.jpg,미분류,#폭간트#세계일주,2025-04-18,FALSE,0,미작성
147,인도인같은 한국인의 인도여행,내가 인도를 좋아하는 이유 & 인도여행 출사표 (인도여행 EP0 🇮🇳),8qk9ZqahwoI,https://img.youtube.com/vi/8qk9ZqahwoI/hqdefault.jpg,미분류,#폭간트#세계일주#인도,2025-04-21,FALSE,0,미작성
148,인도인같은 한국인의 인도여행,A Man Who's Surprisingly Skilled at Traveling in India & Entering India in the Middle of the Nigh...,OkPCzZwPwqk,https://img.youtube.com/vi/OkPCzZwPwqk/hqdefault.jpg,미분류,#폭간트#세계일주#인도,2025-04-24,FALSE,0,미작성
149,인도인같은 한국인의 인도여행,인도 뉴델리 맛집 탐방 & 무한리필 관공서 구내식당 (인도여행 EP2 뉴델리🇮🇳),wamuqROhKQk,https://img.youtube.com/vi/wamuqROhKQk/hqdefault.jpg,미분류,#폭간트#세계일주#인도#먹방,2025-04-27,FALSE,0,미작성
150,인도인같은 한국인의 인도여행,India's Ultra-Luxury Train Journey & Luxurious Lounges & First-Class Trains (India Travel EP3 New...,PTxWuwhhIzA,https://img.youtube.com/vi/PTxWuwhhIzA/hqdefault.jpg,미분류,#폭간트#세계일주#인도,2025-04-30,FALSE,0,미작성
151,인도인같은 한국인의 인도여행,삶과 죽음이 공존하는 도시에서 일본인인척 하기 (인도여행 EP4 바라나시🇮🇳),YpdymUWq9xo,https://img.youtube.com/vi/YpdymUWq9xo/hqdefault.jpg,미분류,#폭간트#세계일주#인도,2025-05-03,FALSE,0,미작성
152,인도인같은 한국인의 인도여행,인도 갠지스강 입수 & 60년된 전설의 숙소 리뷰 (인도여행 EP5 바라나시🇮🇳),Zd7hv4gWZKI,https://img.youtube.com/vi/Zd7hv4gWZKI/hqdefault.jpg,미분류,#폭간트#세계일주#인도,2025-05-06,FALSE,0,미작성
153,인도인같은 한국인의 인도여행,[ENG] Get a massage at a local barber shop in India,QL_NKaStdmg,https://img.youtube.com/vi/QL_NKaStdmg/hqdefault.jpg,미분류,#폭간트#세계일주#인도,2025-05-09,FALSE,0,미작성
154,인도인같은 한국인의 인도여행,Suffering from water changes in India & the Buddhist holy site of Sarnath (India Travel EP7 Varan...,0egI59vB6ss,https://img.youtube.com/vi/0egI59vB6ss/hqdefault.jpg,미분류,#폭간트#세계일주#인도,2025-05-12,FALSE,0,미작성
155,인도인같은 한국인의 인도여행,Romantic Indian Train Ride: Last Class & Farewell to the Dogs (India Travel EP8: Varanasi → Gorak...,qdJYWYQPlWY,https://img.youtube.com/vi/qdJYWYQPlWY/hqdefault.jpg,미분류,#폭간트#세계일주#인도,2025-05-15,FALSE,0,미작성
156,인도인같은 한국인의 인도여행,지옥의 인도 대중교통 탑승기 & 불교성지 쿠시나가르 (인도여행 EP9 쿠시나가르🇮🇳),2DNrOSe-CSU,https://img.youtube.com/vi/2DNrOSe-CSU/hqdefault.jpg,미분류,#폭간트#세계일주#인도,2025-05-18,FALSE,0,미작성
157,인도인같은 한국인의 인도여행,"Free Food in India & Visiting the Golden Temple, Sikhism's Most Holy Site (India Travel EP10: Amr...",P6qWA9qKbgQ,https://img.youtube.com/vi/P6qWA9qKbgQ/hqdefault.jpg,미분류,#폭간트#세계일주#인도,2025-05-21,FALSE,0,미작성
158,인도인같은 한국인의 인도여행,오싹오싹 공포의 인도 택시 탑승기 (인도여행 EP11 암리차르 → 맥그로드 간즈🇮🇳),rXHmVHi_ksM,https://img.youtube.com/vi/rXHmVHi_ksM/hqdefault.jpg,미분류,#폭간트#세계일주#인도,2025-05-24,FALSE,0,미작성
159,인도인같은 한국인의 인도여행,Indian Tibetan Village Food Tour & Budget-Friendly Accommodation with Himalayan Views (India Trav...,QogHMzJ_fvA,https://img.youtube.com/vi/QogHMzJ_fvA/hqdefault.jpg,미분류,#폭간트#세계일주#인도,2025-05-27,FALSE,0,미작성
160,인도인같은 한국인의 인도여행,"Hiking the Snow-Covered Himalayas, Eating Ramen, and Exploring Tibetan Buddhism (India Travel EP1...",z9WbBT9n0mI,https://img.youtube.com/vi/z9WbBT9n0mI/hqdefault.jpg,미분류,#폭간트#세계일주#인도,2025-05-30,FALSE,0,미작성
161,인도인같은 한국인의 인도여행,The Last Day of My India Trip & Something Strange on a Cycle Rickshaw (India Trip EP14 Delhi🇮🇳),CwnpUwwrtvQ,https://img.youtube.com/vi/CwnpUwwrtvQ/hqdefault.jpg,미분류,#폭간트#세계일주#인도,2025-06-02,FALSE,0,미작성
162,인도인같은 한국인의 인도여행,다낭 5시간만에 밥먹고 기념품사기 & 나이키 짝퉁 티셔츠 (인도여행? EP번외1 다낭🇻🇳),_yD65IB8gXM,https://img.youtube.com/vi/_yD65IB8gXM/hqdefault.jpg,미분류,#폭간트#세계일주#인도,2025-06-05,FALSE,0,미작성
163,인도인같은 한국인의 인도여행,인도를 가면 안되는 10가지 이유와 꼭 가야하는 8가지 이유 & 1타강사의 완벽정리 (인도여행 EP번외2),5AF8hft5lKc,https://img.youtube.com/vi/5AF8hft5lKc/hqdefault.jpg,미분류,#폭간트#세계일주#인도,2025-06-08,FALSE,0,미작성
164,일본인같은 한국인의 큐슈 소도시 여행,낭만의 로컬 이자카야 & 고양이와 함께한 일본 가정집 (일본여행 EP.1 후쿠오카 🇯🇵),iDY2JxUqrUs,https://img.youtube.com/vi/iDY2JxUqrUs/hqdefault.jpg,미분류,#폭간트#세계일주,2025-06-11,FALSE,0,미작성
165,일본인같은 한국인의 큐슈 소도시 여행,Hitting the Lottery Big in Japan & Staying in an Airbnb with an Ocean View (Japan Travel EP2: Kar...,4YQKfHWtWFQ,https://img.youtube.com/vi/4YQKfHWtWFQ/hqdefault.jpg,미분류,#폭간트#세계일주,2025-06-14,FALSE,0,미작성
166,일본인같은 한국인의 큐슈 소도시 여행,Japanese Small Town Food Tour & Rainbow Adventure (Japan Travel EP3 Karatsu🇯🇵),Osiy-O2cFeA,https://img.youtube.com/vi/Osiy-O2cFeA/hqdefault.jpg,미분류,#폭간트#세계일주,2025-06-17,FALSE,0,미작성
167,일본인같은 한국인의 큐슈 소도시 여행,In Search of Japan's Best Squid Sashimi & Yobuko Morning Market (Japan Travel EP4 Yobuko🇯🇵),96EUayEg7o8,https://img.youtube.com/vi/96EUayEg7o8/hqdefault.jpg,미분류,#폭간트#세계일주,2025-06-20,FALSE,0,미작성
168,일본인같은 한국인의 큐슈 소도시 여행,한국인이 일본 시골 술집에 가면 생기는 일 & 심야식당 현실판 (일본여행 EP5 사가🇯🇵),Sw92ufVEDyw,https://img.youtube.com/vi/Sw92ufVEDyw/hqdefault.jpg,미분류,#폭간트#세계일주,2025-06-23,FALSE,0,미작성
169,일본인같은 한국인의 큐슈 소도시 여행,Hiking in Japan and Eating 70-Year-Old Ramen (Japan Travel EP6: Gourmet Food🇯🇵),arT4dxkXAJk,https://img.youtube.com/vi/arT4dxkXAJk/hqdefault.jpg,미분류,#폭간트#세계일주,2025-06-26,FALSE,0,미작성
170,먹고놀기 (국내),최저가 포터 캠핑카 끌고 '인구소멸 1위' 최후의 오지로 떠났습니다,BDpjr2oY6ko,https://img.youtube.com/vi/BDpjr2oY6ko/hqdefault.jpg,미분류,#폭간트#세계일주#캠핑,2025-06-29,FALSE,0,미작성
171,먹고놀기 (국내),캠핑카에 수천만원을 쓴다고? 딱 140만원만 있으면 충분합니다!,APZQ86T7k7Q,https://img.youtube.com/vi/APZQ86T7k7Q/hqdefault.jpg,미분류,#폭간트#세계일주#캠핑,2025-07-02,FALSE,0,미작성
172,먹고놀기 (국내),37살 노총각이 퇴사하고 트럭을 산 이유,RPoynXQiILc,https://img.youtube.com/vi/RPoynXQiILc/hqdefault.jpg,미분류,#폭간트#세계일주#트럭#퇴사,2025-07-05,FALSE,0,미작성
173,먹고놀기 (국내),"아직도 해운대, 광안리 가세요?? 부산 옆동네 찐로컬 먹방여행기",KQG-5VTyvF4,https://img.youtube.com/vi/KQG-5VTyvF4/hqdefault.jpg,미분류,#폭간트#세계일주#먹방,2025-07-08,FALSE,0,미작성
174,먹고놀기 (국내),아직도 자갈치시장 가세요?? 현지인은 회 먹으러 '여기'갑니다,GsictFeZmaw,https://img.youtube.com/vi/GsictFeZmaw/hqdefault.jpg,미분류,#폭간트#세계일주,2025-07-11,FALSE,0,미작성
175,먹고놀기 (국내),"In search of the best food in Korea, a food tour of Jeolla-do - 🇰🇷Jindo",vDQnu-fdXxk,https://img.youtube.com/vi/vDQnu-fdXxk/hqdefault.jpg,미분류,#폭간트#세계일주,2025-07-14,FALSE,0,미작성
176,먹고놀기 (국내),More boring than Daejeon?! A surprisingly underrated food tour of the city of walnut cookies - 🇰🇷...,Of7XpZc2fgs,https://img.youtube.com/vi/Of7XpZc2fgs/hqdefault.jpg,미분류,#폭간트#세계일주,2025-07-17,FALSE,0,미작성
177,먹고놀기 (국내),작고 귀여운 여자친구가 생겼습니다 & 혼다 헌터커브 입문기 🇰🇷 천안,SNDykfKutMY,https://img.youtube.com/vi/SNDykfKutMY/hqdefault.jpg,미분류,#폭간트#세계일주,2025-07-20,FALSE,0,미작성
178,먹고놀기 (국내),천만원을 공짜로 나눠주는 글로벌 국내여행 🇰🇷 부산,P3Alj4T7Zso,https://img.youtube.com/vi/P3Alj4T7Zso/hqdefault.jpg,미분류,#폭간트#세계일주,2025-07-23,FALSE,0,미작성
179,먹고놀기 (국내),개한테 물리고 요리도 망했지만 행복한 솔로캠핑 🇰🇷 부산,S230rDSPDjA,https://img.youtube.com/vi/S230rDSPDjA/hqdefault.jpg,미분류,#폭간트#세계일주#캠핑,2025-07-26,FALSE,0,미작성
180,먹고놀기 (국내),극성수기 펜션에 혼자가면 생기는 일 🇰🇷 밀양,nf3qjoel7Go,https://img.youtube.com/vi/nf3qjoel7Go/hqdefault.jpg,미분류,#폭간트#세계일주,2025-07-29,FALSE,0,미작성
181,먹고놀기 (국내),2만원에 취할 때까지 무한리필!? 이모님 살려주세요 🇰🇷 진주,iCxVSAzYrq0,https://img.youtube.com/vi/iCxVSAzYrq0/hqdefault.jpg,미분류,#폭간트#세계일주,2025-08-01,FALSE,0,미작성
182,먹고놀기 (국내),"인구소멸 1위, 전라도 최저인구 소도시 먹방여행 🇰🇷 구례",MEciCjMdJiI,https://img.youtube.com/vi/MEciCjMdJiI/hqdefault.jpg,미분류,#폭간트#세계일주#먹방,2025-08-04,FALSE,0,미작성
183,먹고놀기 (국내),Is this even possible with a Korean festival?! & Super-value Busan Silbi House 🇰🇷 Wondong,uDbCVcLimVM,https://img.youtube.com/vi/uDbCVcLimVM/hqdefault.jpg,미분류,#폭간트#세계일주,2025-08-07,FALSE,0,미작성
184,먹고놀기 (국내),사람이 사라지고 있는 대한민국 소도시 먹방여행 🇰🇷 영주,vFuiv8a5O2Y,https://img.youtube.com/vi/vFuiv8a5O2Y/hqdefault.jpg,미분류,#폭간트#세계일주#먹방,2025-08-10,FALSE,0,미작성
185,먹고놀기 (국내),오직 부산에서만 먹을 수 있는 금단의 회 & 내가 초심을 찾으면 안되는 이유 🇰🇷 부산,74HuCvOmmL4,https://img.youtube.com/vi/74HuCvOmmL4/hqdefault.jpg,미분류,#폭간트#세계일주,2025-08-13,FALSE,0,미작성
186,먹고놀기 (국내),전~혀 외롭지 않은 나는솔로 화목난로 어묵탕 먹방캠핑 🇰🇷 김해,2zHz5zss-YM,https://img.youtube.com/vi/2zHz5zss-YM/hqdefault.jpg,미분류,#폭간트#세계일주#캠핑#먹방,2025-08-16,FALSE,0,미작성
187,먹고놀기 (국내),Exploring Korea's Richest City's Local Food Scene & Finding the Best Chicken and Makgeolli in the...,1v6ZStVOWb8,https://img.youtube.com/vi/1v6ZStVOWb8/hqdefault.jpg,미분류,#폭간트#세계일주,2025-08-19,FALSE,0,미작성
188,먹고놀기 (국내),배당률 1만배!? 인생역전 환상의 도시를 찾아서 & 극동계 백패킹 생존 먹방 🇰🇷 청도,ukQj61tmbvA,https://img.youtube.com/vi/ukQj61tmbvA/hqdefault.jpg,미분류,#폭간트#세계일주#먹방#생존기,2025-08-22,FALSE,0,미작성
189,먹고놀기 (국내),100% local Busan local restaurants with great value for money & I'm a solo office worker's 2-day ...,ZJQApZbLlyk,https://img.youtube.com/vi/ZJQApZbLlyk/hqdefault.jpg,미분류,#폭간트#세계일주,2025-08-25,FALSE,0,미작성
190,먹고놀기 (국내),겨울만 되면 배 터지는 초특급 가성비 먹방 성지 & 단돈 2만원 화목난로 굴 구이 먹방 🇰🇷 통영,wX8hPWvmLhQ,https://img.youtube.com/vi/wX8hPWvmLhQ/hqdefault.jpg,미분류,#폭간트#세계일주#먹방,2025-08-28,FALSE,0,미작성
191,먹고놀기 (국내),고독한 폭식가의 지리산 전라도 먹방기행 & 국내여행을 가장 맛있고 건강하게 하는 방법 🇰🇷 남원,0Qu7vlbOBIk,https://img.youtube.com/vi/0Qu7vlbOBIk/hqdefault.jpg,미분류,#폭간트#세계일주#먹방,2025-08-31,FALSE,0,미작성
192,먹고놀기 (국내),A true local alley market for hipsters tired of boring Busan tourist spots┃Even Sung Si-kyung fel...,ikCn1nRkOCU,https://img.youtube.com/vi/ikCn1nRkOCU/hqdefault.jpg,미분류,#폭간트#세계일주,2025-09-03,FALSE,0,미작성
193,먹고놀기 (국내),In search of the best large mackerel in the country┃Exploring local restaurants with super-value ...,IIujQwop3Zg,https://img.youtube.com/vi/IIujQwop3Zg/hqdefault.jpg,미분류,#폭간트#세계일주,2025-09-06,FALSE,0,미작성
194,먹고놀기 (국내),상업화된 전주에서 진짜 로컬 맛집만 찾아가기┃한옥마을 남부시장 안감 콩나물국밥 비빔밥 안먹음 🇰🇷 전주,4_LL4GxN6SY,https://img.youtube.com/vi/4_LL4GxN6SY/hqdefault.jpg,미분류,#폭간트#세계일주#먹방,2025-09-09,FALSE,0,미작성
195,먹고놀기 (국내),나만 알고 싶었던 부산 로컬 맛집 대방출┃도심속 촌캉스 야장감성과 초특급 가성비 막걸리집 🇰🇷 부산,oYFLVDKpByQ,https://img.youtube.com/vi/oYFLVDKpByQ/hqdefault.jpg,미분류,#폭간트#세계일주#먹방,2025-09-12,FALSE,0,미작성
196,먹고놀기 (국내),A Busan local restaurant with 250 years of tradition that even locals don't know about┃Namparang-...,liNZ8TZqkpo,https://img.youtube.com/vi/liNZ8TZqkpo/hqdefault.jpg,미분류,#폭간트#세계일주,2025-09-15,FALSE,0,미작성
197,먹고놀기 (국내),How to Eat Raw Fish in Busan Without Using a Bucket┃Local Sashimi Restaurant That Will Make You B...,v2w6rO_YxOE,https://img.youtube.com/vi/v2w6rO_YxOE/hqdefault.jpg,미분류,#폭간트#세계일주,2025-09-18,FALSE,0,미작성
198,먹고놀기 (국내),현지인도 모르는 천안 로컬 맛집┃40년 전통의 숯불치킨과 곱창 순대국밥 🇰🇷 천안,GTLTRxmSdXQ,https://img.youtube.com/vi/GTLTRxmSdXQ/hqdefault.jpg,미분류,#폭간트#세계일주#인도#먹방,2025-09-21,FALSE,0,미작성
199,먹고놀기 (국내),Hidden valley trekking with overflowing water play spots┃Miryang Ice Valley Hobakso,Hr5yD_0OJv0,https://img.youtube.com/vi/Hr5yD_0OJv0/hqdefault.jpg,미분류,#폭간트#세계일주,2025-09-24,FALSE,0,미작성
200,먹고놀기 (국내),"Free overseas travel, even AI-approved: A day trip to Tsushima Island, Japan",Bz3mmzBsgJ8,https://img.youtube.com/vi/Bz3mmzBsgJ8/hqdefault.jpg,미분류,#폭간트#세계일주,2025-09-27,FALSE,0,미작성
201,먹고놀기 (국내),"Rent a 20,000 won ice water valley and camp there & get recommendations for water play spots in N...",QW5hhVKRE40,https://img.youtube.com/vi/QW5hhVKRE40/hqdefault.jpg,미분류,#폭간트#세계일주,2025-09-30,FALSE,0,미작성
202,먹고놀기 (국내),Enjoy a Korean-style ryokan in a ruined hot spring village,favUaE3J4po,https://img.youtube.com/vi/favUaE3J4po/hqdefault.jpg,미분류,#폭간트#세계일주,2025-10-03,FALSE,0,미작성
203,먹고놀기 (국내),"Busan Imokase, a super value-for-money restaurant with free pork belly",THbWQo0vSys,https://img.youtube.com/vi/THbWQo0vSys/hqdefault.jpg,미분류,#폭간트#세계일주,2025-10-06,FALSE,0,미작성
204,먹고놀기 (국내),남성건강에 좋은 자전거와 메기 매운탕┃전국에서 풍경이 가장 아름다운 자전거길,0eopqEaWPPo,https://img.youtube.com/vi/0eopqEaWPPo/hqdefault.jpg,미분류,#폭간트#세계일주,2025-10-09,FALSE,0,미작성
205,먹고놀기 (국내),미나리 삼겹살과 참이슬 오리지널 만취 백패킹┃초보자를 위한 난이도 최하 백패킹 성지┃신불산 자연휴양림 상단 데크,FI65LDgI5x0,https://img.youtube.com/vi/FI65LDgI5x0/hqdefault.jpg,미분류,#폭간트#세계일주,2025-10-12,FALSE,0,미작성
206,먹고놀기 (국내),모든 안주 만원대 초특급 가성비 실내 포차┃부산 로컬 레트로 치킨 맛집┃범일동 맛집 탐방,RoLH7t_l5eY,https://img.youtube.com/vi/RoLH7t_l5eY/hqdefault.jpg,미분류,#폭간트#세계일주#먹방,2025-10-15,FALSE,0,미작성
207,먹고놀기 (국내),프라이빗 계곡이 있는 지리산 한옥 펜션에서 힐링하기┃경상남도 하동군 근본 맛집 탐방,LtUR9qlMACk,https://img.youtube.com/vi/LtUR9qlMACk/hqdefault.jpg,미분류,#폭간트#세계일주#먹방,2025-10-18,FALSE,0,미작성
208,먹고놀기 (국내),바가지로 악명 높은 자갈치 시장에서 가성비 있게 회 먹는 방법┃부산 로컬 돼지국밥 맛집┃전국에서 가장 특이한 등산로 입구,SuhnS8_QKfQ,https://img.youtube.com/vi/SuhnS8_QKfQ/hqdefault.jpg,미분류,#폭간트#세계일주#먹방,2025-10-21,FALSE,0,미작성
209,먹고놀기 (국내),"Surrealistic, easy-to-follow recipes and tips for living alone",laN3zNb4C28,https://img.youtube.com/vi/laN3zNb4C28/hqdefault.jpg,미분류,#폭간트#세계일주,2025-10-24,FALSE,0,미작성
210,먹고놀기 (국내),술 마시고 살도 빼는 신개념 다이어트 & 배나온 아저씨가 되기 싫은 직장인의 다이어트 브이로그,QmqiMLEHIY8,https://img.youtube.com/vi/QmqiMLEHIY8/hqdefault.jpg,미분류,#폭간트#세계일주,2025-10-27,FALSE,0,미작성
211,먹고놀기 (국내),맨발로 족욕하면서 신불산 올라가기 & 한치 앞도 보이지 않는 공포의 안개등산,9NAkbpTnaJw,https://img.youtube.com/vi/9NAkbpTnaJw/hqdefault.jpg,미분류,#폭간트#세계일주,2025-10-30,FALSE,0,미작성
212,먹고놀기 (국내),A Busan coastal walking tour to discover hidden local restaurants & enjoy spicy pork soup and sea...,E2eYaVWNQy0,https://img.youtube.com/vi/E2eYaVWNQy0/hqdefault.jpg,미분류,#폭간트#세계일주,2025-11-02,FALSE,0,미작성
213,먹고놀기 (국내),"We had a heavenly feast of grilled oysters on a wood stove, had a camping trip, and ate a lot of ...",etXKO5XN9R4,https://img.youtube.com/vi/etXKO5XN9R4/hqdefault.jpg,미분류,#폭간트#세계일주,2025-11-05,FALSE,0,미작성
214,먹고놀기 (국내),서울 촌놈들은 모르는 회 맛있게 먹는 방법 & 통영 먹방 우중(?)캠핑,8Wo1Al_w-tA,https://img.youtube.com/vi/8Wo1Al_w-tA/hqdefault.jpg,미분류,#폭간트#세계일주#캠핑#먹방,2025-11-08,FALSE,0,미작성
215,먹고놀기 (국내),단돈 2만원으로 회를 배터지게 먹는 방법 & 극동계(?) 동네 뒷산 백패킹 음주먹방,XGDR5YW9VIE,https://img.youtube.com/vi/XGDR5YW9VIE/hqdefault.jpg,미분류,#폭간트#세계일주#먹방,2025-11-11,FALSE,0,미작성
216,먹고놀기 (국내),바다가 보이는 부산 도심 속 캠핑장에서 맛집 탐방 (이재모 피자 & 왔다식당 & 전국에서 가장 무서운 도로),WpCwxehlM0E,https://img.youtube.com/vi/WpCwxehlM0E/hqdefault.jpg,미분류,#폭간트#세계일주#캠핑#먹방,2025-11-14,FALSE,0,미작성
217,먹고놀기 (국내),Korea's most famous mountain covered in pure white snow & the Jirisan Cheonwangbong Baekmudong Co...,KK8MxcwW7ok,https://img.youtube.com/vi/KK8MxcwW7ok/hqdefault.jpg,미분류,#폭간트#세계일주,2025-11-17,FALSE,0,미작성
218,먹고놀기 (국내),"귀여운 댕댕이가 있는 깊은 산속 작은 절 & 양산 통도사, 백운암, 영축산 등산",wjLw1f4UMlQ,https://img.youtube.com/vi/wjLw1f4UMlQ/hqdefault.jpg,미분류,#폭간트#세계일주,2025-11-20,FALSE,0,미작성
219,먹고놀기 (국내),과메기 굴보쌈이 맛있는 찐 부산 로컬 술집 & 새해 시작도 음주와 함께,Xzf12Gi2bs0,https://img.youtube.com/vi/Xzf12Gi2bs0/hqdefault.jpg,미분류,#폭간트#세계일주,2025-11-23,FALSE,0,미작성
220,먹고놀기 (국내),A 30-something YouTuber's Lonely Life and Thoughts on Her Next Travel Destination and YouTube Career,SjyC26m5bXA,https://img.youtube.com/vi/SjyC26m5bXA/hqdefault.jpg,미분류,#폭간트#세계일주,2025-11-26,FALSE,0,미작성
221,먹고놀기 (국내),Where do Busan locals eat mackerel? & Have a year-end party in a cheap studio apartment.,DOJNsVnKfnc,https://img.youtube.com/vi/DOJNsVnKfnc/hqdefault.jpg,미분류,#폭간트#세계일주,2025-11-29,FALSE,0,미작성
222,먹고놀기 (국내),"사장님 이렇게 파시면 뭐가 남나요? 18,000원 무한리필 국밥카세 & 전라도 순천 맛집 대탐험",-m7wwERvwE4,https://img.youtube.com/vi/-m7wwERvwE4/hqdefault.jpg,미분류,#폭간트#세계일주#먹방,2025-12-02,FALSE,0,미작성
223,먹고놀기 (국내),Where do Busan natives eat pork soup and raw fish? & A grand exploration of Gupo Market with Gohw...,1Mu-ltv7gPo,https://img.youtube.com/vi/1Mu-ltv7gPo/hqdefault.jpg,미분류,#폭간트#세계일주,2025-12-05,FALSE,0,미작성
224,먹고놀기 (국내),부산에서 보증금1000 월세50으로 자취방 구해보기 & 동네 사람들만 아는 근본 중국집 탐방,obu_Zyha_58,https://img.youtube.com/vi/obu_Zyha_58/hqdefault.jpg,미분류,#폭간트#세계일주#중국,2025-12-08,FALSE,0,미작성
225,먹고놀기 (국내),A Namhae bike tour with a complimentary mackerel | Why I ride a minivelo & recommendations for re...,y8b_1P48tfs,https://img.youtube.com/vi/y8b_1P48tfs/hqdefault.jpg,미분류,#폭간트#세계일주,2025-12-11,FALSE,0,미작성
226,먹고놀기 (국내),40년 전통의 기사식당과 지리산 약초 뷔페 | 지리산 계곡 전세내고 놀기,hOx2xzFMnCo,https://img.youtube.com/vi/hOx2xzFMnCo/hqdefault.jpg,미분류,#폭간트#세계일주,2025-12-14,FALSE,0,미작성
227,먹고놀기 (국내),양에 놀라고 맛에 놀란 광주 먹방여행 | 남자 둘이서 배불러서 다 못 먹음,i7zm2kfJ_zw,https://img.youtube.com/vi/i7zm2kfJ_zw/hqdefault.jpg,미분류,#폭간트#세계일주#먹방,2025-12-17,FALSE,0,미작성
228,먹고놀기 (국내),"A Thrilling Exploration of Seoul's Waterfront | Tongin Market, Dongmyo Market | Gyeongbokgung Pal...",N7CPb1OsN2U,https://img.youtube.com/vi/N7CPb1OsN2U/hqdefault.jpg,미분류,#폭간트#세계일주,2025-12-20,FALSE,0,미작성
229,먹고놀기 (국내),A Busan country bumpkin's culinary exploration of Seoul's Chungmuro ​​neighborhood | Proud to be ...,UCLHA0E3bW0,https://img.youtube.com/vi/UCLHA0E3bW0/hqdefault.jpg,미분류,#폭간트#세계일주,2025-12-23,FALSE,0,미작성
230,먹고놀기 (국내),아무도 없는 계곡에서 나홀로 음주캠핑 | 이것이 바로 신선놀음이다!,zNXEAKZeEUU,https://img.youtube.com/vi/zNXEAKZeEUU/hqdefault.jpg,미분류,#폭간트#세계일주#캠핑,2025-12-26,FALSE,0,미작성
231,먹고놀기 (국내),"Twice a Day on the Jirisan Trail | Exploring the Best Restaurants in Hadong, Gyeongsangnam-do",aUtGVPMdT-M,https://img.youtube.com/vi/aUtGVPMdT-M/hqdefault.jpg,미분류,#폭간트#세계일주,2025-12-29,FALSE,0,미작성
232,먹고놀기 (국내),Ride a bike to a valley for hangover relief | Recommended day trip valleys near Busan | Recommend...,-upkPO5jt-4,https://img.youtube.com/vi/-upkPO5jt-4/hqdefault.jpg,미분류,#폭간트#세계일주,2026-01-01,FALSE,0,미작성
233,먹고놀기 (국내),장마철에는 우중캠핑 | 김해 신어산자연숲캠핑장,XMCWTKaMz9Y,https://img.youtube.com/vi/XMCWTKaMz9Y/hqdefault.jpg,미분류,#폭간트#세계일주#캠핑,2026-01-04,FALSE,0,미작성
234,먹고놀기 (국내),생에 첫 MBTI 해보기 (비과학적이라 MBTI 싫어하지만 재미로 해봤음),_vlVMbvOA0I,https://img.youtube.com/vi/_vlVMbvOA0I/hqdefault.jpg,미분류,#폭간트#세계일주,2026-01-07,FALSE,0,미작성
235,먹고놀기 (국내),"Buying Friends Drinks with YouTube Profits | A Dirty, Bad Day",rQOlvVXG9Yo,https://img.youtube.com/vi/rQOlvVXG9Yo/hqdefault.jpg,미분류,#폭간트#세계일주,2026-01-10,FALSE,0,미작성
236,먹고놀기 (국내),The Best Trekking Course of My Life | Jirisan Trail Section 3: Inwol to Geumgye | Jirisan Wild Ve...,OPsVQuyBsko,https://img.youtube.com/vi/OPsVQuyBsko/hqdefault.jpg,미분류,#폭간트#세계일주,2026-01-13,FALSE,0,미작성
237,먹고놀기 (국내),낭만의 무인도 우중캠핑 | 소쿠리섬 | 부산근교 노지캠핑장 추천,1hfjZY3SA9g,https://img.youtube.com/vi/1hfjZY3SA9g/hqdefault.jpg,미분류,#폭간트#세계일주#인도#캠핑,2026-01-16,FALSE,0,미작성
238,먹고놀기 (국내),부산을 찾아온 일본인 부부 한국의 따뜻한 정으로 맞이하기,OEh5p03QbPE,https://img.youtube.com/vi/OEh5p03QbPE/hqdefault.jpg,미분류,#폭간트#세계일주,2026-01-19,FALSE,0,미작성
239,먹고놀기 (국내),"A Guide for Drinkers Traveling to Busan | Jagalchi Seonji Gukbap Alley, Outdoor Terrace Cafes | N...",z_7ZK0pomgk,https://img.youtube.com/vi/z_7ZK0pomgk/hqdefault.jpg,미분류,#폭간트#세계일주,2026-01-22,FALSE,0,미작성
240,먹고놀기 (국내),"Andong Yangban Camping for the Commoners | Andong Jjimdak | Andong Soju, a Traditional Korean Alc...",mnpik52XbyY,https://img.youtube.com/vi/mnpik52XbyY/hqdefault.jpg,미분류,#폭간트#세계일주,2026-01-25,FALSE,0,미작성
241,먹고놀기 (국내),강원도 치악산 등산하고 지역 막걸리먹기 | 트레일블레이저 차박 | 더덕 동동주,ZBdG1MG2az0,https://img.youtube.com/vi/ZBdG1MG2az0/hqdefault.jpg,미분류,#폭간트#세계일주,2026-01-28,FALSE,0,미작성
242,먹고놀기 (국내),구독자 1.4만 기념 QnA (진짜 서울대 나옴?),OkolkBUw30c,https://img.youtube.com/vi/OkolkBUw30c/hqdefault.jpg,미분류,#폭간트#세계일주,2026-01-31,FALSE,0,미작성
243,먹고놀기 (국내),"After drinking three bottles of makgeolli, I walked alone in the Jirisan valley | Jirisan Trail S...",jC2tF2y3lDU,https://img.youtube.com/vi/jC2tF2y3lDU/hqdefault.jpg,미분류,#폭간트#세계일주,2026-02-03,FALSE,0,미작성
244,먹고놀기 (국내),2024 Michelin-Rated Pork Soup Restaurant Recommendations | Busan Seaside Full Course | East Busan...,S_Le35ZM9VA,https://img.youtube.com/vi/S_Le35ZM9VA/hqdefault.jpg,미분류,#폭간트#세계일주,2026-02-06,FALSE,0,미작성
245,먹고놀기 (국내),30년 토박이의 진짜 부산 풀코스 | 금정산 등산하고 오리고기 먹방 | 북부산 여행 루트 소개,d1IhcfMrH0o,https://img.youtube.com/vi/d1IhcfMrH0o/hqdefault.jpg,미분류,#폭간트#세계일주#먹방,2026-02-09,FALSE,0,미작성
246,먹고놀기 (국내),캠핑장에서 라면으로 해장하기 | 경주 성동시장 무한리필 한식뷔페,RA2FY9zkZZI,https://img.youtube.com/vi/RA2FY9zkZZI/hqdefault.jpg,미분류,#폭간트#세계일주#캠핑,2026-02-12,FALSE,0,미작성
247,먹고놀기 (국내),낭만의 겨울 먹방 캠핑 | 화목난로 옆에서 이것저것 만들어 먹기 | 지평막걸리 선물받은게 자랑,ggxyUwaImrA,https://img.youtube.com/vi/ggxyUwaImrA/hqdefault.jpg,미분류,#폭간트#세계일주#캠핑#먹방,2026-02-15,FALSE,0,미작성
248,먹고놀기 (국내),"Will Busan residents get ripped off at Jagalchi Market? | Drinking, hiking, and eating mackerel",AkNPgmxEtBQ,https://img.youtube.com/vi/AkNPgmxEtBQ/hqdefault.jpg,미분류,#폭간트#세계일주,2026-02-18,FALSE,0,미작성
249,먹고놀기 (국내),유부남과 함께한 정력강화 감성 가을 캠핑 | 또 삼겹살 또 부대찌개,Hoz_zElrvWs,https://img.youtube.com/vi/Hoz_zElrvWs/hqdefault.jpg,미분류,#폭간트#세계일주#캠핑,2026-02-21,FALSE,0,미작성
250,먹고놀기 (국내),35년 전통 횟집 방어 먹방 | 행복은 음주에 있다 | 부전시장 부산횟집,YNx50WKCm14,https://img.youtube.com/vi/YNx50WKCm14/hqdefault.jpg,미분류,#폭간트#세계일주#먹방,2026-02-24,FALSE,0,미작성
251,먹고놀기 (국내),Jeolla-do Food Tour | Naju Hong-eo Samhap | Yangdong Market Suil Tongdak | Damyang Noodle Street ...,lrZIG0GW5L8,https://img.youtube.com/vi/lrZIG0GW5L8/hqdefault.jpg,미분류,#폭간트#세계일주,2026-02-27,FALSE,0,미작성
252,먹고놀기 (국내),일본인 여사친 자갈치시장 체험기 | 30대 직장인의 나른한 주말 브이로그 | 꼼장어&씨앗호떡,ob7Vn24m3Es,https://img.youtube.com/vi/ob7Vn24m3Es/hqdefault.jpg,미분류,#폭간트#세계일주,2026-03-02,FALSE,0,미작성
253,먹고놀기 (국내),A Lonely Photographer's Exploration of Gupo Market | Panning Shot of the Train,HKXkXRYtUNI,https://img.youtube.com/vi/HKXkXRYtUNI/hqdefault.jpg,미분류,#폭간트#세계일주,2026-03-05,FALSE,0,미작성
254,먹고놀기 (국내),극한의 고통 치질수술 후기 | 멈추지 않는 먹방 | 수술 비용 | 실손 보험,XIXS4rIRcMc,https://img.youtube.com/vi/XIXS4rIRcMc/hqdefault.jpg,미분류,#폭간트#세계일주#먹방,2026-03-08,FALSE,0,미작성
255,먹고놀기 (국내),비바람부는 해안가 야영 생존기 | 가덕도 백패킹 포인트 | 밤의 해변에서 혼자 | 백패킹 입문,0jhZ3YElO0E,https://img.youtube.com/vi/0jhZ3YElO0E/hqdefault.jpg,미분류,#폭간트#세계일주#생존기,2026-03-11,FALSE,0,미작성
256,먹고놀기 (국내),30대 직장인 투자실패 극복하기 | 솔로캠핑 | 제암산 자연휴양림 | 골로가서 욜로한다,SSu8q6K8yIA,https://img.youtube.com/vi/SSu8q6K8yIA/hqdefault.jpg,미분류,#폭간트#세계일주#캠핑,2026-03-14,FALSE,0,미작성
257,먹고놀기 (국내),전라도 먹방캠핑 | 장흥삼합 | 제암산 자연휴양림 | 솔로캠핑,LknaKbIrdCY,https://img.youtube.com/vi/LknaKbIrdCY/hqdefault.jpg,미분류,#폭간트#세계일주#캠핑#먹방,2026-03-17,FALSE,0,미작성
258,먹고놀기 (국내),A Korean-Japanese YouTuber Couple Visiting Japan | Busan's Local Milmyeon Restaurant | Buying Gif...,ZKorjnoUbYY,https://img.youtube.com/vi/ZKorjnoUbYY/hqdefault.jpg,미분류,#폭간트#세계일주,2026-03-20,FALSE,0,미작성
259,먹고놀기 (국내),현지인도 바가지쓰는 냉혹한 서면 포장마차 | 부산여행 혜자부터 창렬까지 | 영주시장 왕돼지집,qFYRbZ9w_p0,https://img.youtube.com/vi/qFYRbZ9w_p0/hqdefault.jpg,미분류,#폭간트#세계일주#인도,2026-03-23,FALSE,0,미작성
260,먹고놀기 (국내),5만원으로 홍콩감성 흉내내기 | 남포동 구제시장 | 인물사진 | 국제시장 | 빈티지쇼핑 | 부산여행,TlU5w0vhhJk,https://img.youtube.com/vi/TlU5w0vhhJk/hqdefault.jpg,미분류,#폭간트#세계일주,2026-03-26,FALSE,0,미작성
261,먹고놀기 (국내),How to (not)eat ramen deliciously | Gadeokdo Galmaetgil | Hadan Market Korean Pork Soup | Omori K...,QJoxqg1sIq4,https://img.youtube.com/vi/QJoxqg1sIq4/hqdefault.jpg,미분류,#폭간트#세계일주,2026-03-29,FALSE,0,미작성
262,먹고놀기 (국내),Renting a Natural Recreation Forest and Camping in the Rain | Gohyeon Market | Geoje Natural Recr...,8ehd8_szCoQ,https://img.youtube.com/vi/8ehd8_szCoQ/hqdefault.jpg,미분류,#폭간트#세계일주,2026-04-01,FALSE,0,미작성
263,먹고놀기 (국내),The Last Summer Vacation of the Broke Old Men Who Lost Their Stocks | Baemsagol Valley | Jirisan ...,tbn2aYu3-5o,https://img.youtube.com/vi/tbn2aYu3-5o/hqdefault.jpg,미분류,#폭간트#세계일주,2026-04-04,FALSE,0,미작성
264,먹고놀기 (국내),퇴근하고 만두먹방 솔로캠핑 | 풀무원 얇은피 꽉찬속 김치만두 | 양산 황산캠핑장 | ODC 바이저 원 W 쉘터 | 고맙다 쉐보레야,yOhGoruVCB4,https://img.youtube.com/vi/yOhGoruVCB4/hqdefault.jpg,미분류,#폭간트#세계일주#캠핑#먹방,2026-04-07,FALSE,0,미작성
265,먹고놀기 (국내),Daegu Food Tour | Dalseong Park Dawn Market | Bongdeok New Market Samjeong Pork Soup,xl_8jQSmjLM,https://img.youtube.com/vi/xl_8jQSmjLM/hqdefault.jpg,미분류,#폭간트#세계일주,2026-04-10,FALSE,0,미작성
266,먹고놀기 (국내),In search of Korea's last steam locomotive (go to Buseoksa Temple and drink makgeolli),PwVAAu4C01Y,https://img.youtube.com/vi/PwVAAu4C01Y/hqdefault.jpg,미분류,#폭간트#세계일주,2026-04-13,FALSE,0,미작성
267,먹고놀기 (국내),Swimming and camping in the valley on a rainy day,0M5SlhGxxms,https://img.youtube.com/vi/0M5SlhGxxms/hqdefault.jpg,미분류,#폭간트#세계일주,2026-04-16,FALSE,0,미작성
268,먹고놀기 (국내),"QnA to commemorate 1,000 subscribers",r5e3KAkuz8E,https://img.youtube.com/vi/r5e3KAkuz8E/hqdefault.jpg,미분류,#폭간트#세계일주,2026-04-19,FALSE,0,미작성
269,먹고놀기 (국내),A one-day trip to Songjeong Beach in Busan,BZV-pHMvXaA,https://img.youtube.com/vi/BZV-pHMvXaA/hqdefault.jpg,미분류,#폭간트#세계일주,2026-04-22,FALSE,0,미작성
270,먹고놀기 (국내),Something strange Camping in Rain (Samgyeopsal Soju Mukbang),UrhSL_KeL9M,https://img.youtube.com/vi/UrhSL_KeL9M/hqdefault.jpg,미분류,#폭간트#세계일주,2026-04-25,FALSE,0,미작성
271,먹고놀기 (국내),Uncles' happy summer vacation (Korea's sea and restaurants),F66uXIK-mw8,https://img.youtube.com/vi/F66uXIK-mw8/hqdefault.jpg,미분류,#폭간트#세계일주,2026-04-28,FALSE,0,미작성
272,먹고놀기 (국내),창녕읍 탐방기 | 숙박하면 사우나 공짜 모텔 | 수구레국밥,wn-mCbguqf0,https://img.youtube.com/vi/wn-mCbguqf0/hqdefault.jpg,미분류,#폭간트#세계일주,2026-05-01,FALSE,0,미작성
273,먹고놀기 (국내),자전거타고 부산에서 창녕가기 | 부곡하와이 | 폭염특보,Agu7yc2tDCk,https://img.youtube.com/vi/Agu7yc2tDCk/hqdefault.jpg,미분류,#폭간트#세계일주,2026-05-04,FALSE,0,미작성
274,먹고놀기 (국내),Taking pictures and camping alone on the top of the mountain where no one is there,xUi4iTOztCE,https://img.youtube.com/vi/xUi4iTOztCE/hqdefault.jpg,미분류,#폭간트#세계일주,2026-05-07,FALSE,0,미작성
275,먹고놀기 (국내),The story of a near-death experience on a mountain | Busan Station Restaurant | Magamandu,q9vO6KYcohw,https://img.youtube.com/vi/q9vO6KYcohw/hqdefault.jpg,미분류,#폭간트#세계일주,2026-05-10,FALSE,0,미작성
276,먹고놀기 (국내),A Busan Local's Full Course Tour of Yeongdo | Bongrae Mountain | Meongteongguri | Gamaseot Pork Soup,Vac_QQy9Q-I,https://img.youtube.com/vi/Vac_QQy9Q-I/hqdefault.jpg,미분류,#폭간트#세계일주,2026-05-13,FALSE,0,미작성
277,먹고놀기 (국내),Camping with drunk alcoholics in broad daylight (feat. cute cat),4SZgJB_UeWM,https://img.youtube.com/vi/4SZgJB_UeWM/hqdefault.jpg,미분류,#폭간트#세계일주,2026-05-16,FALSE,0,미작성
278,먹고놀기 (국내),"주식망한 아재의 자갈치 맛집 탐방 (feat. 백화양곱창, 돼지껍데기골목)",gr8LoHEyvUQ,https://img.youtube.com/vi/gr8LoHEyvUQ/hqdefault.jpg,미분류,#폭간트#세계일주#먹방,2026-05-19,FALSE,0,미작성
279,먹고놀기 (국내),Busan Local Travel Guide (Jagalchi Restaurant & Cafe Recommendations) feat. Memories of Murder,9CGIQxV91gM,https://img.youtube.com/vi/9CGIQxV91gM/hqdefault.jpg,미분류,#폭간트#세계일주,2026-05-22,FALSE,0,미작성
280,먹고놀기 (국내),무소유의 길에서 주식의 깨달음을 얻다. (feat. 후지필름 X-T4),FWCbQCQlQi8,https://img.youtube.com/vi/FWCbQCQlQi8/hqdefault.jpg,미분류,#폭간트#세계일주,2026-05-25,FALSE,0,미작성
281,먹고놀기 (국내),"주식망한 아재들의 신나는 등산 & 음주 feat. 백양산, 노바백스",V6GL_abxvZ0,https://img.youtube.com/vi/V6GL_abxvZ0/hqdefault.jpg,미분류,#폭간트#세계일주,2026-05-28,FALSE,0,미작성
282,먹고놀기 (국내),[Private video],fWtITvSNyuw,https://img.youtube.com/vi/fWtITvSNyuw/hqdefault.jpg,미분류,#폭간트#세계일주,2026-05-31,FALSE,0,미작성
